Cyprus,,,,
Czech Republic,,,,
Denmark,,,,
Estonia,,,,
Finland,,,,
Hungary,,,,
Latvia,,,,
Lithuania,,,,
Norway,,,,
Moldova,,,,
Poland,,,,
Russia,,,,
Slovakia,,,,
Sweden,,,,
Ukraine,,,,
India,,,,
Israel,,,,
Jordan,,,,
Macau,,,,
Malaysia,,,,
North Korea,,,,
Oman,,,,
Palestine,,,,
Saudi Arabia,,,,
Singapore,,,,
Taiwan,,,,
UAE,,,,
Vietnam,,,,
Egypt,,,,
Ghana,,,,
Kenya,,,,
Morocco,,,,
Sudan,,,,
Argentina,,,,
Bermuda,,,,
Bolivia,,,,
Brazil,,,,
Canada,,,,
Costa Rica,,,,
Colombia,,,,
Cuba,,,,
Dominican Republic,,,,
El Salvador,,,,
Guatemala,,,,
Honduras,,,,
Panama,,,,
Peru,,,,
Suriname,,,,
Trinidad and Tobago,,,,
New Zealand,,,,
Australia,,,,
